track_name,artist_name,track_duration_ms,popularity,artist_genres,album_name,album_release_date,track_id,album_id,artist_ids
A Letter,Tsundere Twintails,178105,41,sillycore,A Letter,2023-06-20,5oKtK58Tl1Mk3r7BExrYcR,5B4Q7nx9OHnr8FSJXUP5nx,4Rpi0HMTWTc9EQFdOPbRzY
Brand New Dance,Eminem,206649,79,"detroit hip hop, hip hop, rap",The Death of Slim Shady (Coup De Grâce),2024-07-12,77pfjsq0gSZwO8bYVTVROo,3kjHLu1pL7tdY88GFwEkl6,7dGJo4pcD2V6oG8kP0tJRR
Love Song,Mausio,176142,31,tekk,Love Song,2023-04-07,2ekhJNuxeoQ9Q84dFtknP7,1V9nXTFcfUBCPq5hIGfoiU,5yzLRjAu6ni4Bb3fQDED2q
Will I Ever Love?,Anya Nami,130860,56,,Will I Ever Love?,2024-02-02,1h42H229e4oEo0BxfwIb4r,7irh20Gsy14fQoTngkDS5B,1A7NzAUPSwbUmfyGEmRM7h
Cry For Me,HUNNY,213706,41,"indie pop, pov: indie",Pain / Ache / Loving,2015-10-09,4tyJ6cRDQOQMeZLwMqFjax,6JnNMpc7Aekms1ly5U2OLq,5rebfYbZVIhbRVcRKWVOAh
Cute Circus,Tsundere Twintails,183050,57,sillycore,Cute Circus,2021-10-05,6l7jWmaWGBA1eD2glvB8Ds,3GHZjSzbKXeDevrcKWE5L7,4Rpi0HMTWTc9EQFdOPbRzY
Record Player,"Daisy the Great, AJR",149538,60,brooklyn indie,All You Need Is Time (Deluxe Edition),2022-10-27,7Gk8IPlFTLUcoIH3mtASI0,48cRveHwoBa5RQ4HbggHQ4,"0SrIPejckovMwhrN3MZFPB, 6s22t5Y3prQHyaHWUN1R1C"
makeout with a stranger,EMELINE,146061,49,alt z,makeout with a stranger,2023-10-06,24rQCVVkodhxba59O2dIEa,42S0dCBdR1Zpotj7sl6PRa,4S38gbKfKkEbty2YAIDIlV
Sand,Dove Cameron,219586,51,pop,Alchemical: Volume 1,2023-12-01,7lcptQMdfkgUAQ3Ek83K5V,4kC5hseZbGaAjiJvr9Hk55,2W8yFh0Ga6Yf3jiayVxwkE
FEMININE RAGE,PEGGY,147798,58,gen z singer-songwriter,DEAR READER,2024-04-26,08iDzwXKP72XYGnjXLSwW2,1JsRmuktjMsrdolUuZ5UMp,1E6ADXoD9nUhFEwKgwjEdh
Afraid of Quiet,"Lydia the Bard, Ben Tomalin",183014,52,,Afraid of Quiet,2024-05-18,2hETlIC41ua0yYcPyE5WLI,44ozYQu5laX3TgKDDTalpc,"4dYuygkzjqrehCNZMTjkNJ, 19kzH2dKYDamaNJ1e0OO4X"
Rararainbowmuffin,Tsundere Twintails,135562,42,sillycore,Latte and a Muffin,2018-02-04,0FAby1j0xhi9cvJXuUtIdh,1r3Cw28qOUPLl8Qh7ibDlc,4Rpi0HMTWTc9EQFdOPbRzY
Cat Cafe,Tsundere Twintails,185764,45,sillycore,Cat Cafe,2022-05-01,0FVNutqCSpNkFMwADm6v8h,121XsXDqHvPHsLZ7f8IIHf,4Rpi0HMTWTc9EQFdOPbRzY
Rest Area,Tsundere Twintails,133714,46,sillycore,Rest Area,2021-11-16,2iUtfZasBpCCUJLbBsmg0V,0OHfNxGjj1ajk1qi4cztRu,4Rpi0HMTWTc9EQFdOPbRzY
Feel Good (If It Was Easy),"Odd Chap, Elle & The Pocket Belles",209497,11,electro swing,Feel Good (If It Was Easy),2023-07-21,2r4RTDw9yS5f5ZgxK4C3nU,19BEjnIizZsrRRoNojv3Ui,"2bUYKdepfgDuZiRQJdvooU, 0MbDNDhsDB35CyvApzybJt"
Sunshine,Tsundere Twintails,89116,44,sillycore,Sunshine,2021-10-19,4pRf1fvR3ar6hoBZmwAlmg,1RVjqcCssgJ7718lFcLv6M,4Rpi0HMTWTc9EQFdOPbRzY
Lonely,Akon,235800,78,dance pop,Trouble Deluxe Edition,2005-01-01,4v7DCN09hgXkKazefkznDQ,77eKpEVxmSr1RhqMlirlTF,0z4gvV4rjIZ9wHck67ucSV
Lalalatte,Tsundere Twintails,133842,46,sillycore,Latte and a Muffin,2018-02-04,5IjTpw72dT98mVjCX6rOab,1r3Cw28qOUPLl8Qh7ibDlc,4Rpi0HMTWTc9EQFdOPbRzY
Head Empty,Tsundere Twintails,184285,51,sillycore,Head Empty,2022-08-03,76HU45f9gDYBa0CmlGTrUR,2DJdB1ZSWuQRSjJ5RkkZVh,4Rpi0HMTWTc9EQFdOPbRzY
THE DINER,Billie Eilish,186346,82,"art pop, pop",HIT ME HARD AND SOFT,2024-05-17,1LLUoftvmTjVNBHZoQyveF,7aJuG4TFXa2hmE4z1yxc3n,6qqNVTkY8uBg9cP3Jd7DAH
Strangers,Kenya Grace,172964,78,singer-songwriter pop,The After Taste,2024-03-21,593knnQN4REEshx8th9zgK,4EmlLRONqsYR1rKvw079xN,7uMDnSZyUYNBPLhPMNuaM2
The Spark,"Kabin Crew, Lisdoonvarna Crew",146384,78,,The Spark,2024-06-13,0bhnFakmRioZbuQcmhVwoH,6xNvkXuK0QL7vr9wEsCREW,"6BHou7i94KE1FpHgDVWZEK, 7BUWoquo4gsA4kREUujbSi"
it boy,bbno$,145846,77,"canadian hip hop, dark trap, meme rap",it boy,2024-05-24,2UerDbZznc07mmGMD3WfHH,6tl4X5mM1eOnkWr7oB5LAM,41X1TR6hrK8Q2ZCpp2EqCz
SAD GIRLZ LUV MONEY Remix (feat. Kali Uchis and Moliy),"Amaarae, Kali Uchis, Moliy",204763,73,"afro r&b, afrobeats, alternative r&b, ghanaian alternative, ghanaian pop",SAD GIRLZ LUV MONEY Remix (feat. Kali Uchis and Moliy),2021-09-16,09gysnJpfQ3ublBmJDfcEC,4q4rHdKxyCzxuQrPcdjPyC,"21UPYSRWFKwtqvSAnFnSvS, 1U1el3k54VvEUzo3ybLPlM, 2hVWBpjLW4Q7fboYz2pVYK"
Tobey (feat. Big Sean and BabyTron),"Eminem, Big Sean, BabyTron",284903,78,"detroit hip hop, hip hop, rap",The Death of Slim Shady (Coup De Grâce),2024-07-12,1ymWIr4E5x6xORlDO0bXlP,3kjHLu1pL7tdY88GFwEkl6,"7dGJo4pcD2V6oG8kP0tJRR, 0c173mlxpT3dSFRgMO8XPh, 0sKsReKseslDlhxmbN6wLk"
Houdini,Eminem,227239,89,"detroit hip hop, hip hop, rap",Houdini,2024-05-31,2HYFX63wP3otVIvopRS99Z,6Xuu2z00jxRPZei4IJ9neK,7dGJo4pcD2V6oG8kP0tJRR
Lemonade,Fox Stevenson,192917,43,"complextro, dancefloor dnb, electro house",Lemonade,2024-02-23,34URhzu6NVS1QiFfvkE1Q3,0E4HEys0ZdiGCO3hxaKvVd,2BQWHuvxG4kMYnfghdaCIy
Man In Finance (G6 Trust Fund),"Girl On Couch, Billen Ted",151405,66,,Man In Finance,2024-07-05,480llvvXfmFcic8dBHT9pP,2WKYqa8tLHkywDwhwOuvlG,"3bY2XiDYvps2HqyLXijxgy, 5PoZtBo8xZKqPWlZrIDq82"
aquatic ambience,Scizzie,123535,57,liminal space,aquatic ambience,2022-10-15,4Nk7Mof1w4q2vk160DYEoc,1Qa7TotTQ8dfnvM6lfnSoS,53msUMObYuyAsfh4IUsO9P
Prada,"cassö, RAYE, D-Block Europe",132359,85,"hypertechno, pop dance",Prada,2023-08-11,59NraMJsLaMCVtwXTSia8i,5MU0RmBSpoSxOPYBfcobDc,"5wCmhq5J2hPwL2r0eKurxn, 5KKpBU5eC2tJDzf0wmlRp2, 5VadK1havLhK1OpKYsXv9y"
Rim Tim Tagi Dim,Baby Lasagna,179062,70,,Rim Tim Tagi Dim,2024-01-12,5TswDbxMnxptgFTf6ZxvXQ,2avxqhpSlNfsj5yPw32L7t,1ncWEkB4AQh1rxC8ObpBoH
Supermarket - Aleksey Kraft Radio Edit,"Bart & Baker, Dimie Cat, Hailey Tuck, Aleksey Kraft",227478,22,electro swing,Electro Swing VII by Bart & Baker,2014-09-22,10UglronJTOJLBRIsQ7pAK,40g8qwsEmb9k11QLtUsdO7,"1SqMdUGzBNOFB8rDdtiOxN, 0LUkZYSaO60vSGVxgZM5PI, 31xWBejhhuVdm9zRmCQuse, 5qJzsL4NGZEu2a7MeufzmK"
REMIX RUMBLE,"League of Legends, Steve Aoki",217807,44,"speedrun, video game music",REMIX RUMBLE (Steve Aoki Remix),2023-11-20,1AG7YrtmqKDQTe3wpBXKhp,1Dk05oKAHWIFyN5kIWlTQ5,"47mIJdHORyRerp4os813jD, 77AiFEVeAVj2ORpC85QVJs"
Meet Lime Cookie! - Twintails Edition,Tsundere Twintails,115603,54,sillycore,Meet Lime Cookie! (Twintails Edition),2021-09-08,0Z2TZvYi6cjaJEznjeMO3x,3R7aKRBr5EqRDMajlPLAkD,4Rpi0HMTWTc9EQFdOPbRzY
HAUNTED,Isabel LaRosa,137851,64,"hyperpop, sped up",HAUNTED,2022-02-24,5ff77CZZUpY8Gvu5GuA6vb,4QhZwVQuNbbXtMgjp2Ngp2,5arKwJZEvT5uKq4o0JfqR4
BIRDS OF A FEATHER,Billie Eilish,210373,100,"art pop, pop",HIT ME HARD AND SOFT,2024-05-17,6dOtVTDdiauQNBQEDOtlAB,7aJuG4TFXa2hmE4z1yxc3n,6qqNVTkY8uBg9cP3Jd7DAH
Clouds - Crypto Remix,"Paper Idol, Crypto",155217,41,,Mania Days (Remixes),2021-11-19,072rkpQD8DPr1KGu9LSPG2,4kbHNgJaPpqTHMfKmZkNyQ,"6dewigIOIcG6m1XGsG4Mc3, 3hkBUDhKEiz64k5kTrd1QQ"
Double Denim,SKYLAR,154043,42,,Double Denim,2022-10-14,0a7IyCuWkmn0emE09Eppy1,1PD55j69sO0Ml0IwBi0GMD,3JFpiBTgX5C0aIzePDlgXA
Red Flag,Cloudy June,148074,49,alt z,Red Flag,2023-10-13,0fNzU26XiTKY2lhmOpokgR,1Hefm7MGT5MeV0bvdDjZHc,5sBBS3CQNPDzmuTJjYwnpa
Play With Fire,Tessa Violet,176162,32,"alt z, indie pop, pov: indie",MY GOD!,2023-07-14,0hsKN2eNws8lHL7h3Pdof6,5B5hOcX9wfcm4qwqs9OjJZ,5DD5GZd4ElmQTy9NleMvKJ
Paper Love,Allie X,197673,47,"alt z, canadian electropop, canadian pop, dark pop, electropop, metropopolis",CollXtion II,2017-06-09,0lJRiK4cXdgFqpNB53yFLN,216PcZkvm5Rnt6LgctC0X9,0wnYgCeP013HkKoOyC5V32
BAD BITCH,Tessa Violet,137995,48,"alt z, indie pop, pov: indie",MY GOD!,2023-07-14,0ypgX9hLm9BEfJ7ldtFAgH,5B5hOcX9wfcm4qwqs9OjJZ,5DD5GZd4ElmQTy9NleMvKJ
The Code,Nemo,180141,73,,The Code,2024-02-29,1EjIXKhNHI00ZLMRpS8iz8,30euLVaktPWmngBsGDUYdA,5Wg72TowYBWIcSo3K2r84N
Eternity,"Anyma, Chris Avantgarde",186240,66,stutter house,Genesys,2023-08-11,1GBBbKOarAJ38HwIfLcOji,7rCb8j8kaVvoKE44Dxf21y,"4iBwchw0U0GZv5RfVYSMxN, 715OI7hiv58daVlEDXM47U"
The Playground (Crypto Remix),"Paper Idol, Crypto",134347,35,,The Playground (Deluxe),2023-02-10,1lcKNBpQo7Fv1FHLd0ALlO,4TAprh40Gw7byq4OpVpIDk,"6dewigIOIcG6m1XGsG4Mc3, 3hkBUDhKEiz64k5kTrd1QQ"
Forgive And Forget,AViVA,158754,23,"alt z, vapor pop",Forgive And Forget,2023-03-24,2MrEdxp4r5dv6npQidfHNC,0FiWYz6w75d66of4Hd55rS,50tDsT4wwq8FCMJNkn1D67
Dirty Little Animals (From the series Arcane League of Legends),"BONES UK, Arcane, League of Legends",205188,54,slayer,Dirty Little Animals (From the series Arcane League of Legends),2021-11-13,2ZuDGsKSJpQdJmpknJ7ypF,2OGZHtCzPL6uk1kEPvFqIC,"16kd5X3pBMOtXdLlX5LcAw, 57nPqD7z62gDdq37US9XJR, 47mIJdHORyRerp4os813jD"
Destruction,Joywave,184413,51,"indietronica, modern alternative rock, modern rock, rochester ny indie, shimmer pop",How Do You Feel Now?,2015-04-14,2iLxXSM7AOzB4RCNzk4bjd,6uSfC7gekwOjvPmTAIwgQR,1UfzhwcOR4yfX7yHTPfC9m
Reverse,Caravan Palace,242051,29,"electro swing, nu jazz",Reverse,2023-11-30,2rKk9VeO6P4mmCXrtetLoK,0zz6XbRA6JMtpbE4ZzkHCI,37J1PlAkhRK7yrZUtqaUpQ
"Gypsies, Tramps And Thieves",Cher,157800,46,"dance pop, pop",20th Century Masters: The Millennium Collection: Best Of Cher,2000-01-01,2xq1I5pSnwzNQHtEWFetlA,2R4GNEYNWqVLdUbxihiMZT,72OaDtakiy6yFqkt4TsiFt
